teacher_id,teacher_name
T0001,Teacher_0001
T0002,Teacher_0002
T0003,Teacher_0003
T0004,Teacher_0004
T0005,Teacher_0005
T0006,Teacher_0006
T0007,Teacher_0007
T0008,Teacher_0008
T0009,Teacher_0009
T0010,Teacher_0010
T0011,Teacher_0011
T0012,Teacher_0012
T0013,Teacher_0013
T0014,Teacher_0014
T0015,Teacher_0015
T0016,Teacher_0016
T0017,Teacher_0017
T0018,Teacher_0018
T0019,Teacher_0019
T0020,Teacher_0020
T0021,Teacher_0021
T0022,Teacher_0022
T0023,Teacher_0023
T0024,Teacher_0024
T0025,Teacher_0025
T0026,Teacher_0026
T0027,Teacher_0027
T0028,Teacher_0028
T0029,Teacher_0029
T0030,Teacher_0030
T0031,Teacher_0031
T0032,Teacher_0032
T0033,Teacher_0033
T0034,Teacher_0034
T0035,Teacher_0035
T0036,Teacher_0036
T0037,Teacher_0037
T0038,Teacher_0038
T0039,Teacher_0039
T0040,Teacher_0040
T0041,Teacher_0041
T0042,Teacher_0042
T0043,Teacher_0043
T0044,Teacher_0044
T0045,Teacher_0045
T0046,Teacher_0046
T0047,Teacher_0047
T0048,Teacher_0048
T0049,Teacher_0049
T0050,Teacher_0050
T0051,Teacher_0051
T0052,Teacher_0052
T0053,Teacher_0053
T0054,Teacher_0054
T0055,Teacher_0055
T0056,Teacher_0056
T0057,Teacher_0057
T0058,Teacher_0058
T0059,Teacher_0059
T0060,Teacher_0060
T0061,Teacher_0061
T0062,Teacher_0062
T0063,Teacher_0063
T0064,Teacher_0064
T0065,Teacher_0065
T0066,Teacher_0066
T0067,Teacher_0067
T0068,Teacher_0068
T0069,Teacher_0069
T0070,Teacher_0070
T0071,Teacher_0071
T0072,Teacher_0072
T0073,Teacher_0073
T0074,Teacher_0074
T0075,Teacher_0075
T0076,Teacher_0076
T0077,Teacher_0077
T0078,Teacher_0078
T0079,Teacher_0079
T0080,Teacher_0080
T0081,Teacher_0081
T0082,Teacher_0082
T0083,Teacher_0083
T0084,Teacher_0084
T0085,Teacher_0085
T0086,Teacher_0086
T0087,Teacher_0087
T0088,Teacher_0088
T0089,Teacher_0089
T0090,Teacher_0090
T0091,Teacher_0091
T0092,Teacher_0092
T0093,Teacher_0093
T0094,Teacher_0094
T0095,Teacher_0095
T0096,Teacher_0096
T0097,Teacher_0097
T0098,Teacher_0098
T0099,Teacher_0099
T0100,Teacher_0100
T0101,Teacher_0101
T0102,Teacher_0102
T0103,Teacher_0103
T0104,Teacher_0104
T0105,Teacher_0105
T0106,Teacher_0106
T0107,Teacher_0107
T0108,Teacher_0108
T0109,Teacher_0109
T0110,Teacher_0110
T0111,Teacher_0111
T0112,Teacher_0112
T0113,Teacher_0113
T0114,Teacher_0114
T0115,Teacher_0115
T0116,Teacher_0116
T0117,Teacher_0117
T0118,Teacher_0118
T0119,Teacher_0119
T0120,Teacher_0120
T0121,Teacher_0121
T0122,Teacher_0122
T0123,Teacher_0123
T0124,Teacher_0124
T0125,Teacher_0125
T0126,Teacher_0126
T0127,Teacher_0127
T0128,Teacher_0128
T0129,Teacher_0129
T0130,Teacher_0130
T0131,Teacher_0131
T0132,Teacher_0132
T0133,Teacher_0133
T0134,Teacher_0134
T0135,Teacher_0135
T0136,Teacher_0136
T0137,Teacher_0137
T0138,Teacher_0138
T0139,Teacher_0139
T0140,Teacher_0140
T0141,Teacher_0141
T0142,Teacher_0142
T0143,Teacher_0143
T0144,Teacher_0144
T0145,Teacher_0145
T0146,Teacher_0146
T0147,Teacher_0147
T0148,Teacher_0148
T0149,Teacher_0149
T0150,Teacher_0150
T0151,Teacher_0151
T0152,Teacher_0152
T0153,Teacher_0153
T0154,Teacher_0154
T0155,Teacher_0155
T0156,Teacher_0156
T0157,Teacher_0157
T0158,Teacher_0158
T0159,Teacher_0159
T0160,Teacher_0160
T0161,Teacher_0161
T0162,Teacher_0162
T0163,Teacher_0163
T0164,Teacher_0164
T0165,Teacher_0165
T0166,Teacher_0166
T0167,Teacher_0167
T0168,Teacher_0168
T0169,Teacher_0169
T0170,Teacher_0170
T0171,Teacher_0171
T0172,Teacher_0172
T0173,Teacher_0173
T0174,Teacher_0174
T0175,Teacher_0175
T0176,Teacher_0176
T0177,Teacher_0177
T0178,Teacher_0178
T0179,Teacher_0179
T0180,Teacher_0180
T0181,Teacher_0181
T0182,Teacher_0182
T0183,Teacher_0183
T0184,Teacher_0184
T0185,Teacher_0185
T0186,Teacher_0186
T0187,Teacher_0187
T0188,Teacher_0188
T0189,Teacher_0189
T0190,Teacher_0190
T0191,Teacher_0191
T0192,Teacher_0192
T0193,Teacher_0193
T0194,Teacher_0194
T0195,Teacher_0195
T0196,Teacher_0196
T0197,Teacher_0197
T0198,Teacher_0198
T0199,Teacher_0199
T0200,Teacher_0200
T0201,Teacher_0201
T0202,Teacher_0202
T0203,Teacher_0203
T0204,Teacher_0204
T0205,Teacher_0205
T0206,Teacher_0206
T0207,Teacher_0207
T0208,Teacher_0208
T0209,Teacher_0209
T0210,Teacher_0210
T0211,Teacher_0211
T0212,Teacher_0212
T0213,Teacher_0213
T0214,Teacher_0214
T0215,Teacher_0215
T0216,Teacher_0216
T0217,Teacher_0217
T0218,Teacher_0218
T0219,Teacher_0219
T0220,Teacher_0220
T0221,Teacher_0221
T0222,Teacher_0222
T0223,Teacher_0223
T0224,Teacher_0224
T0225,Teacher_0225
T0226,Teacher_0226
T0227,Teacher_0227
T0228,Teacher_0228
T0229,Teacher_0229
T0230,Teacher_0230
T0231,Teacher_0231
T0232,Teacher_0232
T0233,Teacher_0233
T0234,Teacher_0234
T0235,Teacher_0235
T0236,Teacher_0236
T0237,Teacher_0237
T0238,Teacher_0238
T0239,Teacher_0239
T0240,Teacher_0240
T0241,Teacher_0241
T0242,Teacher_0242
T0243,Teacher_0243
T0244,Teacher_0244
T0245,Teacher_0245
T0246,Teacher_0246
T0247,Teacher_0247
T0248,Teacher_0248
T0249,Teacher_0249
T0250,Teacher_0250
T0251,Teacher_0251
T0252,Teacher_0252
T0253,Teacher_0253
T0254,Teacher_0254
T0255,Teacher_0255
T0256,Teacher_0256
T0257,Teacher_0257
T0258,Teacher_0258
T0259,Teacher_0259
T0260,Teacher_0260
